District,Rooms_Numbers,Floor ,Datum_Point,Family_Name,ID
ýýýAqrah,2,7,4 Gale Street,Dupoy,1
Salwï¿,5,5,7206 Oriole Street,Height,5
Vyritsa,6,10,17 Fuller Road,Parfitt,7
Zarechnyy,6,3,76548 Mariners Cove Plaza,Nulty,8
Jakhaly,4,4,63 Merry Lane,Clemencon,10
Algï¿½,10,9,033 Derek Plaza,Tregunnah,12
Keren,6,8,22 Scott Plaza,Brech,13
Rudna Maï¿½,1,2,70030 Magdeline Lane,Sowerby,15
Itsandzï¿½ï,4,10,56 Farwell Court,Dunsford,16
Tomelilla,9,2,9 Prairie Rose Lane,Doore,17
Chester,6,7,2 Hudson Pass,Orrocks,18
Padangtiji,10,6,70 Golf Course Crossing,Metherell,19
Smithers,1,10,3760 Lakeland Hill,Herley,24
Plesnï¿,9,7,4 Cambridge Place,Pickerin,25
Quintï¿½,3,9,69 6th Way,Cosbee,27
Santa Ana Huista,4,7,367 Crownhardt Alley,Dabnor,28
Solkan,9,2,2 Birchwood Point,Varney,31
Thomazeau,2,2,86 Lerdahl Junction,Schlagman,33
Kaliasin,2,9,32777 Valley Edge Parkway,Bester,34
Beï¿½ï¿,6,3,2 Saint Paul Circle,Robiou,35
Qiawan,10,8,4 Clemons Park,Surfleet,36
Kovernino,7,5,141 Chive Way,Damp,37
Runsonglaozhai,5,7,7 Sherman Court,Olivia,39
Cruz,1,5,612 Merrick Drive,Yewman,40
Tres Isletas,3,6,9 Portage Crossing,Berndtssen,41
Kafr Thulth,6,4,8699 Amoth Place,Spreull,45
Saguing,4,7,998 Little Fleur Trail,Thoresby,46
Nangerang,6,7,62 Hayes Crossing,Keady,47
Bilopillya,8,6,97 Garrison Court,Ridett,49
Hornï¿½ï¿½ Poï¿,7,2,34423 Mccormick Point,Simson,51
Vila Nova da Baronia,2,3,6 Birchwood Junction,Lowe,52
ýýernilov,6,10,384 Sunnyside Trail,Ohlsen,54
Colorado Springs,10,10,86 Bunting Road,Hilldrop,57
Mugango,7,1,33 Gerald Court,Fosserd,59
Longwei,5,8,25629 Kedzie Street,Fawdrie,61
Jubao,9,6,5 Talmadge Alley,Orrice,66
Mayskiy,10,10,27957 Leroy Point,Iannitti,67
Figueira,7,3,3901 Melrose Lane,Gulc,68
Yasothon,2,7,2272 Northfield Place,Bulmer,70
Breda,6,1,4 Quincy Drive,Toms,71
Banho e Carvalhosa,4,9,3 Mayer Lane,Buttler,72
Himeville,4,8,5877 Tennyson Pass,Stephens,73
Anolaima,9,6,60261 American Avenue,Ogelbe,74
Lucapa,8,1,37540 Vera Avenue,Glader,75
Cisompet,8,4,8397 Dixon Court,Ferronier,76
Mï¿½ï¿½,3,2,88 Aberg Parkway,Henkmann,77
Zijin,10,2,1647 Gateway Place,Robjents,79
Longshi,10,8,9263 Larry Street,Colleck,80
Qiashui,9,7,7 John Wall Parkway,Maskelyne,81
Qianyou,4,2,58 Paget Park,Cairney,83
Kholmsk,10,6,6364 Novick Street,Dunstall,85
Bejucal,4,3,61558 Forster Street,A'Barrow,86
Froly,2,8,260 Cottonwood Junction,Coope,88
ýýýýki Szlacheckie,7,2,4 Golf Course Drive,Alliban,89
Lubao,8,2,72709 Mandrake Hill,Cosham,91
Ferapontovo,3,5,58 Upham Lane,Scholler,94
Harhorin,10,5,31275 Jay Plaza,Curl,95
Bibis,7,9,09 Welch Park,Cubbinelli,97
Calinaoan Malasin,5,7,301 Morrow Point,Rimington,99
Dï¿½ï¿½u,3,6,33076 Daystar Terrace,Dugall,100
Tï¿½ï¿½o P,9,9,2172 Saint Paul Place,Tincey,104
Rouen,8,2,3145 Ridgeview Avenue,Chason,105
Gornja Koprivna,9,1,6 Truax Crossing,Tunney,106
Yushan,1,4,706 Tennyson Place,Garrick,107
Shoushan,1,3,93497 Blackbird Circle,Achromov,110
Los Santos,2,7,71 Pepper Wood Crossing,Daviddi,111
Obo,6,10,0 Raven Way,Dwerryhouse,112
Grangwav,4,5,6 Mariners Cove Street,Tax,113
Huai Yot,9,10,1 Sunnyside Crossing,Duer,115
Wohyï¿,5,4,08971 Walton Street,Ivanyushin,118
Balkh,5,10,50 Kingsford Street,Lobell,119
Flushing,5,6,7 Becker Way,Tuckwell,120
Tï¿½ï¿½b,9,8,5 Holmberg Avenue,Glasscott,121
Solna,7,4,978 Debra Trail,Amorts,123
Nï¿½ï¿,4,5,804 Vahlen Avenue,Liquorish,124
Makurazaki,1,4,45949 Blaine Parkway,Ritchard,125
Kumanovo,4,7,1317 Claremont Court,Duester,126
Carromeu,7,9,57 Ohio Drive,Pettendrich,127
Zhangdian,7,7,6567 Tennessee Place,Lippiett,128
Pagersari,7,8,2 Bay Way,Kupis,129
Santa Rita,10,8,64 Dryden Hill,Ovey,132
Paris 11,9,4,00475 8th Street,Sim,133
Pitogo,5,10,99 Esker Plaza,Snoad,134
Arroio do Meio,8,8,5321 Transport Point,Tolotti,136
Kavieng,7,6,36 Susan Trail,Pentland,137
Quinta,8,8,112 Russell Road,Hamner,139
Wulingyuan,9,3,637 Kenwood Junction,Daborne,140
Goumï¿½ï¿½n,7,9,65419 Stuart Road,De Antoni,142
Shangyi,2,7,6 Boyd Parkway,Vernay,144
Sidaraja,4,4,1090 Summerview Center,Mantram,145
Laiguangying,1,2,0870 Buhler Plaza,Hatchett,146
Chengqu,6,7,2 Buhler Drive,Brower,148
Gujba,5,7,68978 International Park,Bispham,149
Saint-Lambert-de-Lauzon,7,7,53425 Texas Pass,Swinnard,150
Lianfa,6,1,76 Corry Street,Tamburi,151
ýýyse,2,6,887 Carpenter Road,Heaker,154
Siay,5,2,5668 Gulseth Parkway,Gentsch,155
Woerden,7,7,8 Arizona Way,Pynner,157
Tuguanpu,3,8,08 Saint Paul Alley,Keri,159
La Loma,8,3,972 Huxley Crossing,Hulatt,161
Batang,1,7,5 Grayhawk Hill,Almey,162
Vesoul,1,5,56938 Monument Avenue,Ranns,163
Reims,6,3,68 Continental Parkway,Harback,164
Fanyang,10,2,43 Harbort Hill,Posen,165
Spitsevka,9,8,19300 Knutson Street,Solley,167
Matiompong,3,9,59 Moland Plaza,Howsin,170
Loma Bonita,6,1,4185 Forest Alley,Skittle,172
Fray Bentos,2,5,4668 Lakewood Gardens Crossing,Maharg,173
Khu Khan,9,6,775 Doe Crossing Parkway,Roseborough,174
Segbwema,2,5,2 Victoria Center,Jeffrey,178
Las Carreras,3,8,5 Bashford Junction,Gradley,179
Hutang,9,4,71 Holy Cross Center,Cagan,180
Pï¿½ï¿½,8,1,5917 Lien Way,Ofener,181
Lancang,7,6,834 Pawling Drive,Tite,182
Bahay Pare,10,9,288 Green Ridge Terrace,Wartonby,184
Tarikolot,7,5,8 Morrow Point,Collelton,185
Inhambane,5,8,32327 Waxwing Junction,Severwright,187
Fak Tha,1,6,9206 Springs Alley,Kloss,188
Baishi,3,10,09141 Lien Drive,Powers,189
Malpique,9,4,5 Mendota Avenue,Tyer,190
Fada,6,10,0 Burning Wood Center,Hamblett,193
Isulan,5,1,41295 Banding Road,Turnock,194
Victoria,10,10,5 Morningstar Drive,Warrior,195
Sï¿½ï¿½c Tr,10,9,26537 Del Mar Street,Leel,197
Mosteiro,2,4,589 John Wall Point,Guyonnet,198
Cerava,3,3,473 Southridge Junction,Korf,199
Keruguya,7,1,50506 Nobel Junction,Pierro,200
Danzao,3,2,89 Dennis Alley,Steuhlmeyer,201
Dobï¿½ï¿,8,2,8271 Sloan Place,Vonasek,202
Tanenofunan,7,3,56 Butternut Pass,Sheffield,203
Ndwedwe,10,7,87 Granby Plaza,Piatto,204
Kota Kinabalu,2,8,1637 Everett Alley,Barnwell,205
Tingo Marï¿½,9,8,52188 Lake View Court,Scottesmoor,206
Los Angeles,8,1,6143 Vidon Crossing,Gooly,208
Gurlan,3,2,51 Old Gate Crossing,Guisler,209
Yingshouyingzi,5,3,20 Marcy Park,Saunter,210
Kebonagung,9,9,14836 Dennis Drive,Worrill,211
Kedungringin,7,6,804 Eagle Crest Junction,Olivazzi,214
Nanyang,1,5,98 Hudson Pass,Foucher,217
Kiuruvesi,3,10,4 Melrose Parkway,Boorne,218
Arbuzynka,9,8,56494 Sunnyside Street,Rampley,221
Daixi,5,3,959 Briar Crest Hill,Millichip,223
Ourentï¿,5,8,5417 Pawling Circle,Quigg,224
Tahilt,5,4,04971 Sachtjen Terrace,Jack,225
Emiliano Zapata,4,1,3453 Westerfield Lane,Croneen,226
Dindima,1,5,344 Brickson Park Crossing,Slarke,228
Stockholm,5,9,4025 Graedel Pass,McMichan,229
Yasynuvata,9,10,6 Stephen Pass,Burke,230
ýýguas Vermelhas,3,9,046 Blackbird Parkway,Brownett,232
Baima,10,7,6590 Main Way,Bradnocke,233
Suka Makmue,3,2,458 Park Meadow Place,Falloon,234
Tabï¿½ï¿,10,5,2434 Lien Drive,Belle,236
Roodepoort,2,3,3579 Mandrake Pass,Manach,237
Borodino,10,5,73410 Kipling Drive,Francesco,238
Pires do Rio,3,9,84 Arkansas Lane,Kidby,239
Sadkowice,3,1,1464 Melvin Terrace,Greest,240
Tiechanggou,10,5,92712 Buell Crossing,Balasini,243
Karangsembung,5,1,439 Ramsey Center,Tuke,244
Lacabamba,8,5,301 Cordelia Plaza,Simcoe,245
Fort Worth,4,7,4 Shasta Hill,Kunath,246
Chelyabinsk,3,5,3123 Melody Parkway,Palek,248
Verbilki,1,10,9 Kingsford Plaza,Fever,249
Cachoeirinha,1,9,81562 Jay Alley,Petrelli,251
Orlï¿½ï¿,4,4,403 Washington Drive,Scahill,252
Trï¿½ï¿½s Co,3,4,2 Fairfield Court,Treasaden,253
Yessentukskaya,3,2,3 Sycamore Alley,Alway,255
Kermï¿½ï¿½ns,3,3,761 Thompson Trail,Ledgeway,257
Arbaoua,9,10,0586 Northwestern Parkway,Ivatts,259
Itum-Kali,5,4,52803 Miller Terrace,Bounde,260
Bojongsarung,8,2,65558 Cordelia Alley,Warn,261
Cofimvaba,5,4,6830 Del Sol Road,Micklem,264
Xintian,4,3,35621 Kedzie Hill,Bewsy,265
Santo Domingo,9,9,83 Birchwood Parkway,Reside,266
Deï¿½ï¿½n F,6,8,6364 Green Ridge Circle,Dubock,267
Louisville,7,10,94435 Twin Pines Street,Reek,270
Zhangdu,7,10,72 Amoth Trail,Swainsbury,271
La Cueva,3,8,23 Pierstorff Circle,Zanneli,273
Chengnan,2,8,775 Crownhardt Street,Kerrich,274
Desakolot,2,6,77151 Muir Terrace,Baudou,277
Chojna,6,7,104 Pawling Drive,Littlejohns,278
Bihaï¿,9,7,850 Morning Plaza,Scully,279
Carrizal,3,6,64 Sunnyside Point,O'Brogane,280
Gï¿½ï¿½,1,1,4111 4th Pass,McCreagh,283
Ludvika,2,5,1312 Sutteridge Place,Garcia,284
Pengulu,10,4,6 7th Lane,Bess,286
Lalmanirhat,1,8,24207 Barby Avenue,Seefus,289
Auxerre,3,6,84280 Fallview Avenue,Dulling,290
Hede,3,7,063 Parkside Circle,Lazonby,292
Genissï¿½,4,10,85 Cordelia Pass,Bazley,293
Sumbergayam,8,7,1 Roth Court,Saffon,294
Tongï¿½ï¿,8,5,856 Golf Junction,Polendine,295
Xiangzikou,7,8,71 Portage Alley,McLane,296
Ciwaru,4,8,6408 Knutson Terrace,Ventum,298
Sicaya,4,5,1326 Grayhawk Plaza,Evamy,300
Lakinsk,6,7,0421 Waubesa Crossing,Skynner,302
Atlanta,10,5,8152 Utah Crossing,Wakerley,303
Sirindhorn,5,10,02 Hoepker Lane,Peedell,305
Timrat,4,8,4 Oak Street,Matityahu,307
Cruzeiro do Sul,5,5,27433 Stuart Center,Schachter,309
Damanhï¿½,7,6,042 Grasskamp Junction,Herculeson,311
Reina Mercedes,7,8,61174 Lakewood Pass,Cove,312
Wengaingo,5,2,5 Gateway Place,Johncey,313
Bandera,8,4,8400 Arapahoe Alley,Scotchmor,314
Kyra,8,8,11486 Springs Pass,McEllen,315
Cikijing,3,5,4745 Prentice Lane,Amis,316
Ben Arous,9,10,8038 Warner Road,Simak,317
Villanueva,6,1,43904 Loftsgordon Junction,Brabbins,319
Meicheng,6,8,51835 Mcguire Trail,Twist,321
Wuma,4,9,87 Westerfield Park,Revie,324
Tuburan,7,5,374 Paget Terrace,Borland,326
Katur,6,4,5 Schlimgen Way,Manach,327
Nyagla,6,9,7704 Mendota Avenue,Singyard,328
Wenfang,8,3,6 Kropf Avenue,Brambill,330
Gusau,6,5,4935 Raven Lane,Robens,333
Anchorage,1,9,7 Stoughton Parkway,Kimmings,334
Karmai,8,3,2 Barby Junction,Gayter,336
Kainantu,4,5,78183 Brown Court,Huniwall,338
Sakado,5,5,82 Mesta Parkway,Limpertz,339
ýýivinice,10,2,01499 Brickson Park Pass,Irdale,342
R S,7,6,3953 Old Shore Road,Simonnot,344
Vale de Vila,2,7,8 Packers Center,Smither,345
Susunan,7,3,38887 Susan Avenue,Barr,347
Pasarnangka,10,7,562 Loftsgordon Parkway,Deek,348
Bruxelles,1,5,22 International Avenue,Poston,349
Serzedo,4,6,0008 Anzinger Point,Debenham,350
Danville,5,9,18665 Parkside Center,Housby,351
Stockholm,9,8,4453 Barby Avenue,Vakhrushev,352
Qiaotou,3,9,881 Park Meadow Lane,Bentame,355
Portela,1,5,94 Hoard Street,Govett,356
North York,1,1,1380 Granby Place,Balog,357
Guzhen,5,6,705 Pankratz Road,Behan,358
Skolkovo,3,6,6 Manitowish Court,Klaus,359
Miandrivazo,3,3,87 Pennsylvania Crossing,Christophers,361
Tessaoua,10,2,46 Arapahoe Avenue,Papps,363
Gï¿½ï¿½te,9,5,6 Holy Cross Court,Churcher,364
Xiaogang,10,7,4689 Express Court,Huckabe,366
Soutinho,3,10,57561 Judy Street,Maha,370
Macapï¿,4,8,43 Little Fleur Street,Tym,371
Leï¿½ï¿,10,5,56 Almo Junction,Kingaby,372
Belverde,1,8,03 Sommers Pass,Mahedy,373
Fazenda de Santa Cruz,8,3,529 Sauthoff Pass,Stanislaw,380
Jantake,5,9,2488 Superior Pass,Cicco,381
Muramatsu,9,1,722 Anthes Point,Rastall,382
Damulog,7,2,6 Michigan Alley,Coggins,383
Tuchï¿½,9,6,67642 Ridgeview Point,Popov,384
Janï¿½ï¿½b as Su,3,8,32 Troy Park,Witherup,385
Kedian,8,6,312 Doe Crossing Crossing,Hinks,386
Monte Alegre,7,4,8728 Delaware Plaza,Jerzyk,387
San Josï¿,9,5,8 Butterfield Circle,Biesterfeld,388
Cikupa,2,3,936 Monterey Point,Burford,389
Yuanzhou,7,5,24631 Forest Dale Circle,Elton,393
Kamieniec,3,1,954 Walton Plaza,Whitwell,394
Kuruman,1,8,77910 Florence Parkway,Darragh,397
Xiayang,8,3,705 Pawling Junction,Ridsdole,399
Juarez,10,1,166 Oxford Road,d'Escoffier,400
Malveira,9,1,6 American Alley,Puckham,402
Kadusimbar,10,6,13824 Mallory Terrace,Godlip,405
Boljevci,5,10,3240 Armistice Hill,Mottinelli,406
Tongqian,10,6,05600 Johnson Hill,Marriott,407
Ludgeï¿½ï¿½o,3,10,33 Becker Trail,Paffley,408
Stari Banovci,6,7,616 Northport Center,Mathes,409
Yuyapichis,7,4,97972 Oneill Pass,Alsop,410
Kunheda Woerzu Manzu,1,10,1 Red Cloud Way,Bremley,411
Limï¿½,1,4,25 La Follette Road,Bayliss,412
Brinkmann,10,5,44 Katie Terrace,Ransbury,414
Ayaviri,4,5,197 Bellgrove Crossing,Trenholm,415
Keetmanshoop,7,3,44 Fordem Terrace,Scollan,416
Ibung,5,4,93095 Swallow Avenue,Baugh,418
Gavea,3,8,96156 Annamark Way,Manchett,419
Nirji,3,10,37 High Crossing Pass,Dreus,421
Astara,8,9,4 Stang Junction,Jagoe,422
Targowisko,4,2,36343 Forest Place,Ingley,423
Koh Tao,6,3,8 Mendota Parkway,Bauldry,424
Bucaramanga,4,8,6344 Ridge Oak Way,Brookz,425
Saint-Germain-en-Laye,3,10,99308 Park Meadow Center,Simonson,426
Tanahmerah,1,6,81 Menomonie Pass,Opfer,430
Neglasari,2,5,42 Porter Way,Sterndale,431
Denton,10,8,15 Thierer Street,Pourveer,432
Paitan Este,5,7,332 Memorial Drive,Stonham,433
Shajing,1,2,9 Rowland Point,Aikman,434
Cruces,9,8,16 Bartillon Plaza,Thonason,438
Ol Kalou,5,2,6386 Grim Road,Keavy,439
Sanjiang,1,3,1049 Menomonie Park,Westmore,440
Lupane,4,5,6 Armistice Trail,Beardshall,442
Chenqing,8,4,73619 Iowa Junction,Spiniello,444
Qiulu,4,9,44 Hovde Plaza,Georger,445
Kengyuan,9,6,3787 Burning Wood Lane,Kipping,447
Driefontein,7,2,41426 Norway Maple Pass,Escudier,448
Velestï¿½ï,3,1,73836 Mifflin Hill,Fricker,450
Bandar ï¿½ï¿½ï¿½,1,3,7566 Vernon Way,Vannacci,451
Koungou,5,3,54 Grim Junction,D'Avaux,452
Sukapura,2,3,21 High Crossing Road,Ableson,454
San Antonio de los Baï¿½ï,2,6,62258 Westridge Avenue,Wetheril,455
Psyzh,3,9,7 Golf Course Plaza,Hunnicot,456
Kï¿½ï¿½ben,8,1,250 Grover Alley,Battill,457
Changtang,1,3,612 Sugar Pass,Iskower,458
Manevychi,7,4,89173 High Crossing Court,Mesant,459
Uritsk,6,3,203 Merrick Avenue,Breslauer,461
Jiusi,10,2,65988 Clemons Alley,Sprigging,462
Independencia,7,1,94 Sutteridge Place,Lourens,463
Foï¿½,4,9,92 Towne Pass,Aphale,464
Doï¿½ï,4,6,834 Ramsey Trail,Wateridge,465
Xianghu,6,3,7 Waubesa Road,MacGibbon,467
Val-d'Or,10,2,8 Anniversary Lane,Bignell,469
Victoria West,3,10,90 East Avenue,Burfield,470
Tadrart,2,3,9 Bluestem Trail,Gofforth,471
Wolowiro,10,10,30457 Golf View Street,Gascone,472
Xindong,7,6,273 Dexter Lane,Myton,473
Guanambi,3,9,9 Westend Pass,Pendleberry,475
Guisguis,5,6,069 Muir Lane,Lambourn,476
Farnham,7,2,73406 Lakewood Gardens Street,Zimmermeister,477
Xiage,5,10,4648 Hovde Hill,Gutridge,479
Gununggoong,7,8,14309 Sachs Parkway,Arnault,480
Krasnyye Barrikady,6,8,00569 4th Center,Bigmore,482
Caherconlish,3,9,0243 Namekagon Center,Meak,484
Konyshevka,4,1,915 Birchwood Plaza,Sleeman,485
Magway,10,5,75 Doe Crossing Parkway,Hellicar,487
Bromma,7,6,3969 Westridge Alley,Joanaud,489
Deï¿½ï¿½n F,10,1,94 Norway Maple Lane,Lapidus,490
Yongdeng Chengguanzhen,1,8,1 Troy Plaza,Elsop,491
ýýtýýtnýý nad Vlýýýýýý,10,1,0 Eggendart Drive,Geldeford,496
Ngaliyan,8,10,89 Schmedeman Plaza,Auchterlony,497
Fengchuan,2,5,8 Pleasure Drive,Bradie,499
Zarechnyy,7,10,2 Shasta Crossing,Baroch,500
Gushui,3,6,8 Sunfield Park,Aucott,501
Gujiadian,3,9,7771 Sugar Circle,Folkard,502
Bï¿½ï¿½lï¿½ï¿½ pod B,7,10,69550 Washington Street,Ren,504
Malinta,6,7,3960 Grayhawk Hill,Iacivelli,506
Cajamarca,4,9,1238 Bashford Road,Gorstidge,508
Iwaki,4,5,809 Gerald Plaza,Priddle,511
Pï¿½ï¿,1,7,4 Sheridan Crossing,Whittall,512
Arboga,10,10,94 Scofield Drive,Courson,513
Bergerac,8,8,595 Ruskin Park,Minchell,514
Xiangzhu,10,2,92934 Barby Place,Gravy,516
Sakaidechï¿,7,5,75 Maple Circle,McLarens,517
Yashio-shi,7,9,5533 Superior Pass,Doncom,518
Xincheng,4,1,50 Emmet Pass,Mussared,520
Campos,6,3,68265 3rd Court,Spir,523
Vyï¿½ï¿½ï¿½ï¿,6,8,0002 Sunnyside Parkway,Ballintime,524
Hwange,6,8,8 Kim Junction,Berns,525
Malamig,10,2,588 3rd Plaza,Bleasdille,526
Air Bangis,5,9,34 Schmedeman Junction,Cassells,527
Chaloem Phra Kiat,8,6,43512 Charing Cross Crossing,Maggiore,528
Songjiang,5,7,0821 Shopko Avenue,Codeman,531
Dubrovnik,2,8,1861 New Castle Center,Brogan,532
Norberg,6,6,0781 Boyd Circle,Struis,533
Frolovo,5,6,7 Homewood Park,Luparti,536
Yarabamba,6,3,3337 Merchant Alley,Treppas,538
Bitobe,1,2,9 Spenser Pass,Southcoat,539
Mendoza,1,10,366 Canary Court,Foxley,540
Mazaï¿½ï¿½co,4,6,94 Monterey Junction,Havock,541
Caloue,6,3,38968 Anhalt Pass,Bear,542
Isyangulovo,4,4,59554 Texas Alley,Ashment,547
Noailles,9,6,7389 Division Lane,Pears,551
Reston,6,4,1350 Bobwhite Hill,Bosnell,552
Priiskovyy,3,10,72366 Oneill Point,Bleackly,553
Les Coteaux,5,6,865 Glendale Alley,Wolstenholme,554
Ash Shï¿½ï¿½mï,8,4,59 Hanover Drive,Medford,557
Boleszkowice,1,4,46 Lukken Avenue,Brockman,558
Cigarogol,9,7,12 Hayes Alley,Gwyer,559
Yanwukou,5,10,8824 Magdeline Plaza,Bartali,560
Khao Khitchakut,2,7,78 Alpine Avenue,Ondrak,563
Ladhewï¿½ï¿½la Warï,6,8,02 Erie Court,Padilla,564
Maracaï¿½ï¿½,5,5,0 Randy Plaza,Brame,568
Gï¿½ï¿½te,2,7,54 Dovetail Park,Dymoke,569
Monte Caseros,6,9,490 Continental Way,Poyle,570
Maydolong,7,5,0697 Grim Alley,Lindenboim,571
Wangren,3,1,57442 Village Hill,Pantecost,572
La Esperanza,6,9,57986 Twin Pines Junction,Conti,573
Sudimara,1,4,29 Dawn Alley,Ickowics,575
Naurskaya,4,6,03 Tennyson Hill,Mc Mechan,576
Phï¿½ï¿½ ,3,1,7 Chinook Junction,Gilding,579
Spas-Klepiki,2,10,9016 Elgar Point,Cruce,580
Guayaybi,3,2,5 Heath Center,Spry,582
Buk,9,4,71 Coolidge Trail,Jacqueme,584
Liï¿½ï¿½n Chi,2,3,654 Carberry Center,Storey,585
Gushi,1,3,0978 Petterle Circle,Beevens,586
Oued Lill,5,7,0 Shopko Avenue,Caseri,588
Bingawan,5,5,9373 International Street,Leacy,590
Sipocot,8,1,8555 Veith Way,Hackett,592
Padabeunghar,3,4,95 Superior Street,Edwardes,594
Pinggang,3,8,58819 Shoshone Circle,Beagan,595
Desa Wetan Ciakar,10,2,8 Thierer Parkway,Alenichicov,596
Olenyok,9,4,1899 Eastlawn Crossing,Canty,598
Dumbï¿½,7,4,93100 Hudson Hill,Thripp,601
Enzan,7,9,1108 Moland Point,Lemmertz,602
Chiguata,9,6,5346 Nevada Place,Bartosek,603
Pampas,5,1,422 Surrey Street,Cucuzza,605
Kubangwaru,6,9,1096 Stang Park,Taillard,606
La Reforma,6,7,19101 Memorial Circle,Hamley,607
Open Stage,4,10,2 Butternut Court,Venard,608
Smykï¿½,6,2,68 Atwood Junction,Chavrin,610
Guanabacoa,1,8,8889 Fuller Pass,Owain,611
Sv. Ana v Slov. Goricah,5,9,1949 Warner Alley,Regina,614
Sobreira,2,8,3529 Tony Circle,Cunnah,615
Phumï¿½ï¿½ Vï¿½ï¿,10,6,35 Muir Circle,Halegarth,616
Taloy,9,10,18342 Maple Wood Plaza,Crinidge,617
Richky,10,1,193 Killdeer Trail,Fincke,618
Marxog,7,3,2229 Veith Crossing,Budgeon,621
Manalad,1,3,6 Brentwood Park,Frankton,622
Chenjiatan,2,7,94369 New Castle Pass,MacKimmie,623
Aughrim,8,7,2631 Riverside Drive,Fennell,624
Mantar,1,10,62 Derek Circle,Cosstick,625
Novaya Usmanï¿½,6,8,2115 Longview Street,Osbidston,626
Pakxï¿,10,1,20 Sundown Avenue,Giscken,627
Petite Riviï¿½ï¿½re de Ni,9,1,89 Swallow Parkway,Caldecourt,629
Madoi,7,10,86 Loeprich Crossing,Roubay,632
Jianxincun,4,7,93 Center Pass,Lambol,633
Bï¿½ï¿½r,10,10,69517 Crest Line Pass,Bennell,634
Sukorejo,5,1,4 High Crossing Plaza,Wharf,637
Boissevain,9,9,2492 8th Park,Chippindale,639
Diofior,4,8,3283 Londonderry Parkway,Minter,640
Starominskaya,3,2,55 Leroy Pass,Maddin,642
Yanling,6,1,0098 Dryden Hill,Allder,643
Juan de Acosta,9,7,387 Memorial Pass,Pymm,644
Gostoviï¿½,3,4,4985 Mitchell Terrace,Shute,646
Tarkastad,7,9,4388 Sullivan Park,Freda,647
Ambunti,5,1,60 Charing Cross Lane,Hattigan,650
Chantilly,8,5,584 Mayer Court,Berick,652
Suvorovskaya,9,1,2364 Jenifer Terrace,Bloxsum,653
Akhfennir,9,10,1155 Debs Point,Ishak,655
Poxi,3,10,4 Mariners Cove Pass,Vibert,656
Huanchaco,10,10,62 Pankratz Plaza,Curnnokk,659
Yanghe,10,3,3 Texas Point,Oldnall,661
Mogi Mirim,2,8,1242 Lunder Pass,Beel,662
Shankeng,3,7,9 Utah Point,Hardwin,664
Pereira,1,1,2 Tony Point,Agutter,665
Kuching,9,10,00716 Fulton Crossing,Alf,666
Gevgelija,7,7,6 Duke Terrace,Stoacley,667
Slovenski Javornik,9,5,4292 Manitowish Circle,Piolli,668
Smeï¿½ï,8,9,41 Susan Drive,Vick,669
Santos Dumont,7,3,7 Fordem Terrace,Duignan,671
Dubrovnik,6,1,811 Tennessee Street,Capeloff,672
Jilib,2,10,79 Bobwhite Place,Kneath,673
Quitilipi,2,8,47 Lakeland Pass,Rikel,674
Rimbo,3,2,0 Helena Circle,Corneljes,676
Tangchijie,5,4,0 Mifflin Center,Crockford,677
Bï¿½ï¿½qim as ,10,7,6211 Menomonie Crossing,Storey,678
Jï¿½ï¿½msï¿½ï,8,3,6890 Ronald Regan Drive,Peegrem,679
Yonago,7,2,2171 Iowa Crossing,Edel,681
Labuan,7,3,42 Dakota Plaza,Whitmore,682
Trucuk,8,4,630 Heffernan Way,Ponte,683
Lixiqiao,8,1,806 Lunder Court,Patrone,684
Detroit,6,9,8183 Monterey Street,Millmore,685
Timoulilt,6,3,05 Garrison Lane,Pitchers,686
Krasne,5,2,60 Huxley Circle,Bastistini,687
Qaryï¿½,4,8,0523 Corry Parkway,Ogglebie,689
Woro,1,10,6 Mayfield Point,Cicullo,690
Getafe,4,4,029 Doe Crossing Parkway,Humes,692
Al Karmil,3,2,2925 Meadow Ridge Hill,Navan,693
Paka,9,5,596 Amoth Road,Malley,695
Lapa do Lobo,3,1,43748 Amoth Avenue,Chuter,696
Gandajika,3,8,65 Harper Place,McReath,697
Teutï¿½ï¿,9,1,5 Warner Pass,Bernardin,699
Inuvik,5,1,499 Londonderry Terrace,Acey,701
Mayrtup,4,9,30603 Eggendart Parkway,Morrad,702
Irirum,6,2,47439 Kropf Trail,Jardine,703
La Palma,7,9,335 Little Fleur Street,Casterton,705
Pilnï¿½ï¿,3,10,375 Londonderry Park,Baber,706
Saku,8,2,637 Briar Crest Pass,Mixer,707
Australia Square,10,6,9925 Lawn Pass,Pawelke,708
Yorosso,8,4,4816 Waywood Lane,Prater,712
Kenitra,5,6,9 Pawling Court,Ever,714
Oslo,10,3,0 Summerview Junction,Knightly,718
Bang Kruai,5,4,6970 Erie Crossing,Antonias,722
Tongqing,7,9,85 Garrison Hill,Roncelli,723
Ambulong,8,10,8 Armistice Center,Swaite,724
Leyuan,3,1,32344 Pleasure Terrace,Kean,725
Prior Velho,9,9,8 Bay Avenue,Fathers,726
Rasï¿½ï¿½ln,3,1,57 Tomscot Street,Delgaty,728
Dakhla,3,4,29 South Trail,Bateup,729
Sharga,6,3,45436 Vernon Crossing,Philippet,731
Gostyï¿,9,7,7 Pennsylvania Center,Cruise,732
Jasieniec,1,3,94577 Warner Point,Suttell,734
Cruz Alta,2,10,434 Evergreen Avenue,Ashmore,735
Gaowu,7,7,45 Prairie Rose Street,Manneville,736
Opatowiec,3,4,3691 South Plaza,Jermey,738
Tieli,3,6,26892 Fallview Street,Prevost,739
Sofia,3,10,04 Charing Cross Junction,Hanes,743
Shancheng,8,2,09706 Spohn Crossing,Tyhurst,744
Mangï¿½ï¿½ï¿½it ,6,5,1678 Arapahoe Avenue,Romanin,745
Amuru,10,4,71953 Jana Court,Kennermann,748
Soissons,6,1,076 International Point,Matignon,750
Paris 15,1,10,66936 Red Cloud Place,Morratt,751
Dacudao,3,8,79 Doe Crossing Center,Stutte,752
Dadukou,5,10,965 Loomis Place,Jestico,757
Xijiadian,2,3,1 Evergreen Pass,Challice,761
Glamoï¿,7,8,0932 Lighthouse Bay Center,Mingay,763
Jï¿½ï¿,7,7,99 Golf Court,Mourgue,765
Paranapanema,3,9,77 Fieldstone Alley,Longworth,770
Salacgrï¿½ï,1,3,73 Karstens Circle,Lovatt,771
Priekulï¿,2,2,9497 Ilene Junction,Piwell,772
Sonder,7,9,01 Artisan Road,Carlsen,774
Xingou,5,4,8368 Claremont Road,Milnes,775
Shanjeev Home,6,6,11096 Butterfield Alley,Smout,779
Chaiyaphum,4,10,17 Kennedy Avenue,Chasson,780
Tizguine,7,4,097 Sachs Point,McKmurrie,781
Patsi,5,4,26 Wayridge Hill,Pragnell,782
Patiya,7,3,63 Grim Center,MacElroy,783
Taibai,2,10,09 Nobel Road,Killner,786
Wilkowice,5,8,9774 Maple Wood Street,Josse,787
Przesmyki,1,8,55 Morrow Point,Briat,790
Riangkroko,10,2,761 Dovetail Point,Pryde,791
Lomintsevskiy,10,9,352 Arrowood Drive,Worboys,795
Zhangzhishan,1,3,526 Pond Court,Garmons,796
Pï¿½ï¿,9,1,86 Talmadge Trail,Swires,800
Olejet,7,4,474 Anthes Trail,Form,802
Kota Kinabalu,7,1,52880 Pankratz Way,Osler,803
Boituva,3,10,18 Sloan Avenue,Bartolozzi,805
Montï¿½ï¿½l,10,1,0642 Hintze Place,Matteini,806
Mistratï¿,10,4,909 Scott Lane,Avesque,808
Fucun,2,1,0815 Hudson Way,Harower,809
Renliu,5,8,9 Washington Lane,Repp,810
Abuochiche,6,2,3248 Ilene Junction,Noden,813
Bang Saphan,2,4,53 Jay Trail,Cowland,814
Ketampak,10,8,96792 Gulseth Circle,Gringley,815
Mirovice,4,4,784 Lakeland Park,Robertsen,818
ýývry,10,6,343 Weeping Birch Center,Tsarovic,819
Saiï¿½ï¿½ï¿½erlong,2,1,3575 American Ash Avenue,Adamsson,820
Rokytnice nad Jizerou,6,6,87242 Oxford Plaza,Veelers,821
Houjie,6,9,639 Atwood Court,Tosh,822
Donim,7,9,94584 Pleasure Junction,Axford,824
Prantaan,3,1,747 Express Park,Emmott,826
Gainesville,8,1,51506 Bellgrove Center,Merman,827
Bastia,3,6,8 Golf Alley,Jeskin,829
Castanheira,3,6,72352 Morning Park,Huddles,830
Pombas,3,10,06 Dapin Crossing,Soldi,832
Pindorama,1,10,03251 Washington Plaza,Haburne,833
Aghajari,5,7,084 Oxford Point,Peet,834
Chuhuyiv,3,8,022 Namekagon Terrace,Bachs,836
Paradela,10,6,6419 Mockingbird Way,Ybarra,839
Arrah,8,7,59 Merrick Avenue,Titlow,840
Stavyshche,5,10,78571 Loeprich Center,Smittoune,841
Voskop,3,10,554 Burrows Drive,Daburn,844
Saint-Brieuc,6,2,2 Veith Terrace,Columbell,848
Messï¿½ï,8,8,810 Debs Hill,Carbry,849
Cayang,6,7,015 6th Plaza,Pittem,851
Stockholm,9,1,98 Straubel Pass,Fairbrother,853
Tashkent,4,6,0930 Macpherson Circle,Whatmough,854
Sanhe,2,8,82 Bartelt Alley,Wernher,855
Hï¿½ï¿½ï¿½u ,2,3,0004 Thompson Street,Dumbelton,856
Banjar Tibubiyu Kaja,1,10,2343 3rd Road,Auguste,859
Cristï¿½ï¿,9,8,45 North Hill,Tale,860
Satowebrang,2,8,47 David Parkway,Shakshaft,861
Pignon,2,7,86 Rowland Plaza,Nand,862
Wï¿½ï¿½brze,9,4,3 Rusk Road,Sandon,863
Smykï¿½,7,8,9820 Evergreen Place,Oswald,866
Shuigou,1,1,30507 8th Center,Axtell,867
Sangmu,5,3,131 Macpherson Plaza,Kieran,869
Renfengzhuang,6,6,352 3rd Hill,Pocknoll,870
Talisay,7,1,9 Park Meadow Hill,Knowller,871
Sugihwaras,6,8,09 Continental Hill,Vakhrushev,873
Taiï¿½ï¿,6,7,67312 Starling Park,Grigorio,874
Koï¿½ï¿½min Wielkopo,10,6,986 Morrow Drive,Masterson,876
Volokonovka,2,2,7 Melby Street,Lapish,877
Kuliyapitiya,3,6,90 Bunker Hill Drive,McPolin,880
Novozybkov,2,7,869 Mandrake Trail,Westhead,881
Puutuga,8,7,0575 Maywood Parkway,Westwell,882
Zhongxing,6,3,8 Moose Trail,Hinchon,883
Frederiksberg,9,8,2222 Sloan Park,Mahody,885
Boksitogorsk,3,9,45 Schiller Lane,Arman,887
Raman,6,1,04 6th Place,Roaf,889
Hezhang,1,10,5 Lake View Way,Marrow,891
Tungelsta,10,9,3 Burrows Street,Silverton,892
Danidehe,7,4,8624 Sauthoff Park,Kemsley,893
Boise,4,1,22 Farragut Point,Helwig,895
Tessaoua,4,5,72 Spohn Crossing,Mouget,896
Pasargunung,1,5,29381 Susan Trail,Ughetti,897
Sattahip,10,7,1 Oriole Alley,Duthie,900
Xiaosong,7,5,7 Caliangt Park,Francis,901
Tamansari,1,9,75509 Sachtjen Court,Halliburton,902
Washington,5,8,1348 Del Sol Way,Oven,903
Lï¿½ï¿½,6,8,266 Mifflin Road,Bartell,904
Dzikï¿½ï¿½w S,6,7,311 Michigan Court,Shimony,905
Loures,2,2,11 Gina Point,Maxweell,906
Banjar Tegal Belodan,8,3,0572 Marquette Way,Sennett,907
Praia da Barra,1,9,7 Killdeer Way,Gearty,909
Bolo,9,7,986 Warner Way,Loxly,911
Ulety,6,6,687 Fulton Crossing,Blackah,912
San Juan Nepomuceno,9,10,49276 Melrose Pass,Konmann,913
Karlskoga,7,2,57 Corscot Plaza,Harrold,918
Karavan,6,4,76458 Sutherland Lane,Crohan,919
Krzyï¿½ï¿½a,6,7,07 Charing Cross Court,Massey,920
Emiliano Zapata,5,9,77 Sunnyside Road,MacKimmie,922
Mulhouse,1,7,92 Barnett Drive,Capell,923
Oke Mesi,2,1,3664 Ronald Regan Crossing,Daymond,926
Abejorral,1,5,7 Fremont Plaza,Shears,928
Guacarï¿,9,7,90765 Superior Terrace,Comber,931
Kutasari,5,6,0 Garrison Center,Jahner,933
Firovo,3,10,8711 Bunker Hill Alley,Levett,934
Troitskoye,2,9,8 Menomonie Terrace,Arnaud,938
Chauk,4,3,5686 Delaware Trail,Alentyev,941
Paccho,1,4,1391 Declaration Place,Wyrill,944
Shangmofang,8,5,7914 Fieldstone Alley,Curreen,946
Tupï¿,10,8,4930 Schurz Court,Kleeborn,948
Krajenka,3,9,95929 Elgar Park,Hackett,949
Fengjia,2,6,007 Riverside Crossing,Marages,951
Temizhbekskaya,10,4,1970 Atwood Drive,Athridge,952
Dubova (Driloni),2,1,3 Warbler Junction,Tibb,953
Oliveira do Conde,9,8,8 Anniversary Terrace,Eriksson,954
Makoba,5,3,17 Gateway Parkway,Kilian,955
Ancol,7,9,3761 Jana Lane,Dislee,956
Kuala Lumpur,9,1,0352 Merchant Drive,Bruckstein,957
Ditsaan,7,7,10822 Corry Court,McCahill,958
Patrol,6,1,66960 Michigan Road,Tilston,959
Takasaki,4,9,13 Mendota Trail,Formby,960
Gerakaroï¿,3,2,3 Nancy Terrace,Bloy,961
Nabire,3,10,4 Moland Junction,Jewson,963
Bankim,10,9,71877 Kenwood Center,Whitloe,966
Pervoavgustovskiy,5,7,1895 Florence Lane,Vodden,967
ýýernilov,6,2,7 Grasskamp Alley,Coppard,970
Vï¿½ï¿½ste,3,4,9061 Clyde Gallagher Road,Heyball,973
Otan Aiyegbaju,9,2,6426 Huxley Point,Kenson,975
Hï¿½ï¿,8,7,14 Drewry Way,Behneke,976
Xufu,4,5,5323 Sheridan Terrace,Findley,979
Dijon,6,8,21 Sullivan Court,MacGregor,981
Petoa,6,1,65315 Starling Drive,Morstatt,982
Strabychovo,9,10,7 Basil Park,Pearcy,984
Lelydorp,10,10,8 Thackeray Place,Greenrodd,985
Nggalak,7,9,59 Blaine Parkway,Atherton,990
Kendari,10,8,05 Bartelt Pass,Soule,991
Bendoroto,7,5,0008 Forster Plaza,Scinelli,993
Neftegorsk,2,6,11449 Sachs Hill,Plascott,994
Atakpamï¿,1,5,731 Lien Trail,Laming,995
ýýnfias,6,8,8 Bunker Hill Circle,Friend,998
Narsaq,4,4,1957 Manufacturers Alley,Batthew,999
Bogoroditsk,4,3,9 Linden Lane,Chasmar,105099652
Charata,10,8,4 Dorton Circle,Rolley,151841708
Korniyivka,3,4,7594 Pearson Crossing,Blondel,350841285
Obispos,10,7,62939 Holy Cross Avenue,Verne,369772246
Nanzhen,9,8,143 Glendale Lane,Lukovic,406078515
Siepraw,8,4,59 Rowland Way,Pimblett,409040385
Cova Figueira,10,5,9 Dixon Pass,Peteri,425051159
Mykolayiv,7,1,34 Lyons Hill,Benny,442801609
Tyrawa Woï¿½ï¿½,6,10,2576 Golf Course Center,Taysbil,474638539
Sanquan,5,5,75 Lindbergh Circle,Letten,506422538
Houston,3,4,614 Huxley Center,Stroud,531492522
Omoa,3,6,3319 Arkansas Trail,Fend,568689857
Dakhla,7,3,93959 Oak Valley Trail,Walters,586297529
Fengyuan,2,4,45 Lien Street,Readwood,623422634
Oebai,5,3,33390 Comanche Parkway,Eat,630720215
Aparecida do Taboado,10,3,98573 Anhalt Hill,Flacknell,699531509
ýýeleznice,8,9,541 Amoth Pass,Letteresse,708178579
Suugaant,1,5,3 Sommers Pass,Coddrington,777761253
Huaibei,3,2,56581 Emmet Pass,Henryson,834194682
San Ricardo,9,8,423 Mifflin Park,Belchamber,933452704
Nakhodka,9,4,6 Hanover Circle,Glanester,
Balabag,2,4,69 Vernon Plaza,Kubanek,
Kishkenekolï¿½,5,1,11219 Spohn Junction,Taberner,
Jiucaigou,8,3,43971 Susan Street,Guarnier,
Hitoyoshi,8,8,3247 Florence Junction,Berriman,
Piï¿½ï¿½t,6,10,2251 Arkansas Place,Darter,
Bilo,10,9,38 Bunting Lane,Visco,
ýýandov,10,5,2015 Larry Crossing,Pindell,
Valparaï¿½ï,9,9,4994 Goodland Terrace,Burchfield,
Ciparay,2,5,060 Fairview Way,Sone,
Fulong,10,1,2 Luster Junction,Haly,
Legok,10,9,18 Summer Ridge Junction,Bathow,
Anqing,2,8,9341 Cordelia Parkway,Swayne,
Pombal,5,1,31 Springview Park,Manser,
Wï¿½ï¿½dï¿½ï¿½ Raï,6,9,2 Jay Avenue,Blagden,
ýýýýýýýýýý ýýýýýýýýýýýýýý,2,6,1232 Riverside Drive,Latchmore,
Junï¿½,2,5,591 Pearson Hill,Bevans,
Dolinsk,1,1,42293 Ruskin Park,Middler,
Mrongi Daja,8,8,69 Bunker Hill Trail,Duigan,
Zhongfan,4,3,50808 Vahlen Alley,Hlavecek,
Kaiaf,7,4,51333 Trailsway Pass,Fardoe,
Solna,8,1,27 Grasskamp Junction,Pasfield,
Itï¿½ï¿½p,8,4,94411 Warbler Street,Sivior,
Bogor,7,9,6594 Union Avenue,Prophet,
Juuka,6,3,7 Oakridge Road,Gantzman,
Mulifanua,4,5,6 Sachtjen Avenue,Graysmark,
Necochea,7,5,983 Fairfield Parkway,Walthall,
Ibarra,3,3,7009 Transport Lane,Findon,
Paris 12,1,6,22 American Hill,Portinari,
Sï¿½ï¿½r ed Dann,5,4,14034 Pawling Parkway,Baldi,
Albany,2,5,43 Pennsylvania Street,Peasee,
Huangbao,3,1,72490 Harper Plaza,Chason,
San Cristobal,1,7,6865 Fordem Place,Skoate,
Derzhavï¿½ï¿,8,6,0 Corry Alley,Plaster,
Calabugao,3,7,4956 Monica Pass,Sustin,
Banyo,1,4,03 Pond Pass,Franceschielli,
La Estrella,8,4,32 Talisman Point,Daymond,
Tiyingtali Kelod,3,1,748 Service Parkway,Rubee,
Quezon,9,1,92 Declaration Street,Halpen,
Basista,1,7,6 Gerald Center,Balsom,
Yongï¿½ï¿,7,1,7178 Truax Center,Hoovart,
Lobï¿½,5,5,11 Sloan Junction,Piborn,
Igunga,6,10,57 Holy Cross Point,Priddy,
Smedjebacken,8,2,055 Meadow Vale Trail,Fluck,
Irirum,10,2,2 Thackeray Hill,Scriven,
Seropï¿½ï¿½,1,7,78876 Michigan Hill,Trent,
Baraya,7,3,45006 Logan Parkway,Nary,
Cibebek,8,4,36995 Merchant Pass,Pionter,
Kotaykï¿½,6,7,382 Northview Court,Comar,
Ciklapa,2,9,45 Artisan Plaza,Illingsworth,
Tojal,10,3,4 Warrior Circle,Bratchell,
Kiten,8,3,1433 Hanover Drive,McKie,
Surkhakhi,7,7,603 Vidon Park,Bentote,
Torez,3,1,672 Ridgeview Alley,Hair,
Valky,5,7,636 Sommers Pass,McCamish,
Liangguang,8,6,1 Paget Place,Geely,
Kalipare,1,3,05 Lindbergh Terrace,Ashingden,
Baohe,1,7,95184 Summit Court,Philimore,
Skidalï¿½,1,10,021 Wayridge Center,Fretwell,
Pasadena,8,8,0691 Lighthouse Bay Drive,Evason,
Sypniewo,9,10,2682 Carpenter Terrace,Muehle,
Ceres,7,8,48519 Waywood Avenue,Trout,
Zhenjiang,7,7,158 Chinook Drive,Rowaszkiewicz,
Seteluk Tengah,9,9,5 Gateway Lane,Dibnah,
Ciburial,6,3,774 Ramsey Way,Ouldcott,
Osveya,4,5,2 Summit Pass,Zanettini,
Banjar Parekan,10,1,37301 Village Street,Erickssen,
Jaru,9,4,6 Melody Hill,Versey,
Kobylanka,2,1,75 Park Meadow Lane,Spavon,
Tï¿½ï¿½n C,6,10,1233 Dayton Circle,Carlone,
Tongguan,9,8,9 Killdeer Plaza,Kinman,
Suzaka,2,5,31 Meadow Valley Parkway,Borrott,
Hailin,2,3,9 Southridge Center,Gallard,
Saint-Pierre,4,6,380 Fremont Drive,Brandassi,
Willowmore,6,3,333 Donald Pass,Pedro,
Daraitan,8,6,9 Kipling Junction,Gogin,
Dumbï¿½,10,7,896 Buell Junction,Witul,
Tonota,2,9,16291 Red Cloud Lane,Cusiter,
Jungutbatu Kaja Dua,6,10,5 Nancy Junction,Anney,
Boca Raton,4,10,1642 6th Parkway,Berceros,
Wunat,2,1,9 Spenser Street,Tanby,
Souto da Casa,1,9,648 Upham Plaza,Rizzillo,
Margita,9,7,1933 Menomonie Circle,Kembley,
La Libertad,10,7,5 Scoville Street,Yeates,
Meiktila,6,7,91067 Troy Way,Hedgeley,
Fengshuling,9,7,67 Oak Valley Road,Dalby,
Papetoai,10,3,2 Mandrake Trail,De Cleen,
Baluk,9,5,17079 Village Green Alley,Shears,
Vesoul,8,6,0 Myrtle Avenue,Jeaffreson,
Hortolï¿½ï¿½,7,6,51 Oriole Street,Mompesson,
Alcanhï¿½ï,4,1,7 Susan Center,Sullens,
Baranoa,8,8,7 Cordelia Hill,Le Floch,
Horki,3,4,5 Helena Plaza,Presdie,
Kopral,2,4,648 Lerdahl Center,Denford,
Dzhalilabad,8,6,08838 Maple Parkway,Seagood,
Neuss,1,4,31 Bellgrove Pass,Goadbie,
Huangsha,4,1,4391 Cherokee Junction,Crysell,
Cotabato,3,9,3641 Melby Hill,Wharfe,
Pidvynohradiv,10,10,7651 Iowa Lane,Peyro,
Tanrake Village,9,10,76 Ridgeview Street,Hemphill,
Mehtar Lï¿½,1,7,1 Maple Circle,Gillfillan,
Jiazi,6,3,87362 Hanson Way,Lockner,
Novo Horizonte,5,5,87483 Fordem Crossing,Magson,
Namwala,5,7,38686 Talmadge Lane,Freeberne,
Carhuac,3,3,48 American Street,Dyball,
Cï¿½ï¿½t,2,8,6 Crownhardt Parkway,Topping,
Alanga,9,3,81225 Shopko Terrace,Bakhrushin,
Tianyi,5,9,8 Paget Lane,Troyes,
Gostivar,2,2,278 Derek Avenue,Woloschin,
Sayyï¿½,9,5,8 Heffernan Trail,Nisen,
Stepojevac,6,7,36 Kings Plaza,Hundy,
Krajan Nglinggis,4,2,99923 Golf Center,Moreno,
Fonseca,1,1,08 Forster Court,Louedey,
Shizukuishi,10,3,555 Monterey Crossing,Yesichev,
Curridabat,7,2,298 Lerdahl Plaza,Borres,
Visby,3,9,383 Vernon Court,Khrishtafovich,
Xianren,5,6,001 Grover Way,Naile,
Revava,4,6,00186 Susan Road,Giorgini,
Goragorskiy,7,10,8792 Ridgeway Plaza,Pattini,
Huangshi,3,10,737 Susan Trail,Sword,
Kladno,3,4,22862 Hoard Circle,Lillistone,
Bï¿½ï¿½ï¿½o,4,7,9 Barnett Parkway,Sedgebeer,
Pallasovka,3,9,8 Montana Terrace,Melmeth,
Buni Yadi,9,3,3913 Hovde Way,Rannald,
Stï¿½ï¿½,3,3,439 Corben Alley,Congrave,
Donduï¿½ï¿,4,3,94489 Heffernan Trail,Webland,
Caï¿½ï¿½,5,5,52166 Northwestern Parkway,Rosenstengel,
Shigutang,6,4,35314 Old Gate Alley,Lelliott,
Zhongshi,8,4,216 Pepper Wood Place,Chesswas,
Kolbano,6,10,2519 Rigney Street,Hubbold,
Attard,8,6,614 Caliangt Drive,Iley,
Inayauan,10,6,576 Algoma Street,Huck,
Bang Khon Thi,8,5,99492 Eagan Lane,Seiffert,
Aqaba,7,1,740 Michigan Point,Merigon,
Pokrzywnica,9,4,73976 Karstens Lane,Zanni,
Bang Kaeo,1,10,777 Montana Crossing,Scaysbrook,
Bringinanom,1,5,1877 La Follette Court,Ramalhete,
Huatai,6,10,4139 Lindbergh Road,Gold,
Las Palomas,6,5,006 Marcy Avenue,Woods,
Carauari,4,5,6 Corscot Pass,Worviell,
Cibeunying,7,7,04 Eastwood Street,Dane,
Batiovo,8,1,3233 Logan Center,Fulford,
Udi,2,10,7 Graedel Circle,Throughton,
Fengkou,4,6,6 Moose Hill,Bortol,
Warungawi,8,2,257 Haas Parkway,Lodin,
Nelson,3,9,53790 Manufacturers Way,Bartley,
Papineauville,1,8,4 Ridgeview Avenue,Lawrence,
Boa Viagem,8,6,4 Main Hill,Bodicam,
Tarogong,10,4,225 Rockefeller Circle,Gorgen,
Beaumont,1,10,56121 Packers Way,Stanners,
Benito Juarez,8,8,99 Gateway Center,Karpman,
Tadotsu,3,3,878 Kingsford Avenue,Musselwhite,
Bella Vista,5,7,731 Leroy Parkway,Janowicz,
Carora,5,4,19498 Vermont Court,Newick,
El Regalo,10,2,9 Elgar Junction,Conant,
Victoriaville,1,9,581 Farragut Parkway,Patterson,
Hrib-Loï¿½ï¿½ki P,4,1,59495 Loomis Center,Slessor,
Chongmin,4,10,81150 Kropf Center,Greason,
Yancheng,2,8,770 Magdeline Crossing,Denziloe,
Bojawa,4,2,95522 Jana Pass,Cossey,
Llusco,4,6,08402 Westridge Way,Habershaw,
Sanchahe,8,2,35679 Truax Alley,Camplejohn,
Gambaru,6,1,15255 Elgar Circle,Pendreigh,
Novokhovrino,5,6,91448 Cascade Road,Jeratt,
Biliri,7,7,8 Lotheville Court,Stevenson,
Ragay,8,6,6745 Bunker Hill Lane,Norrie,
San Martï¿½ï¿½n Zapotit,1,8,8 Corben Alley,Habbema,
Delanggu,2,8,2929 Forest Run Place,Genever,
Roma,4,4,04093 Mosinee Point,Joul,
Binagadi,3,3,0233 Summer Ridge Hill,Yurshev,
Novopokrovka,9,7,6 Troy Street,Morlon,
Ripky,7,7,95 David Road,Prangley,
Yangzi Jianglu,6,1,2908 Eagle Crest Avenue,Hulland,
Nanyang,9,2,1 Messerschmidt Alley,Tiplady,
Urbiztondo,4,2,97 Golf Road,Lennie,
Kumanovo,2,1,986 Melody Plaza,Dibbs,
Sewon,1,10,1574 Gateway Trail,Ornelas,
Shelabolikha,7,9,6 Rowland Park,Rameaux,
Saint-Constant,2,7,58962 Butternut Circle,Aikett,
Amio,10,3,735 Oneill Drive,Badgers,
Jialai,7,2,44629 Steensland Circle,Coyle,
Lodhrï¿½,8,1,2755 Shoshone Alley,McRonald,
Estancia,3,1,040 Summerview Drive,Pack,
Zheyuan,8,1,75 Mccormick Way,Girard,
Lundo,7,7,93 Norway Maple Street,McWaters,
Vï¿½ï¿½ste,10,3,1464 Holy Cross Plaza,Palmer,
Jingkou,8,3,49 Parkside Lane,Pietruschka,
Jetis,2,9,2906 Talmadge Circle,Christer,
Pule,10,4,97254 Maryland Lane,Van,
Strasbourg,4,1,966 8th Park,Bollen,
Nï¿½ï¿½a Pï¿½,6,6,7838 La Follette Lane,Gaythorpe,
Bergen,7,5,6853 Oak Valley Road,Summersett,
Candelaria,9,5,518 Almo Hill,Heaney`,
Jubaoshan,9,6,4 Kinsman Alley,Edge,
Tijucas,4,8,93 Derek Pass,Hambribe,
Qinjiang,7,8,31 Banding Lane,Le febre,
Jiguan,10,8,90 Carberry Pass,Tomaszewicz,
Xiatang,2,10,1000 Delladonna Lane,Auchterlony,
Damaishan,8,6,37 Dottie Street,Dellit,
Miaoya,10,5,53 Cherokee Road,Robbings,
Sampangbitung,6,4,71 Westport Lane,Uc,
Jhang Sadr,5,8,0688 Ryan Alley,Lefeaver,
Monkstown,8,5,10 Sutteridge Pass,Cornelissen,
Teykovo,1,2,1090 Hovde Place,Connealy,
Minggang,9,8,972 Brentwood Pass,Wilmott,
Ladï¿½ï¿,7,6,6 Buell Road,Shingles,
Xintang,9,5,5641 Riverside Court,MacCumiskey,
Berlin,10,6,475 Mendota Street,Loyd,
Anding,10,3,1 Forest Run Court,Frith,
Banjar Batuaji Kaja,9,9,0601 Pond Trail,Troillet,
Koszyce Wielkie,6,4,1875 Vidon Hill,Letteresse,
Lushan,7,4,11664 Harper Hill,Millimoe,
Trabulheira,3,2,983 Sloan Place,Foucard,
Pandansari,7,10,336 Old Gate Crossing,Greydon,
Verkhnyaya Toyma,9,4,9591 Forest Plaza,Troth,
Kopral,9,3,50948 Waywood Junction,Bunner,
Jambuwerkrajan,10,4,5431 Dryden Trail,Pett,
Lianxia,9,7,92424 Sauthoff Alley,Keepin,
Kerbuyan,3,6,88391 Haas Lane,MacClure,
San Bernardino,7,6,3 Autumn Leaf Plaza,Moysey,
Girang,7,10,866 Dakota Road,Founds,
Lugouqiao,6,6,06 Katie Junction,McFarlane,
Gï¿½ï¿½te,3,4,2541 Hovde Road,Sawyer,
Pagsabangan,7,8,7 Coolidge Hill,Earp,
Rokycany,3,10,74 Birchwood Drive,Armin,
Fredericton,6,8,1 Morningstar Hill,Blaxton,
Dezhou,6,7,681 Russell Street,Annon,
Nï¿½ï¿½,6,5,5 3rd Hill,Klimes,
Nï¿½ï,7,3,41 Talisman Junction,Ditts,
Semï¿½ï¿½novs,9,1,00 Main Circle,Townrow,
Krasnoarmeysk,9,8,7 International Lane,Giraudel,
Matagalpa,2,4,910 Pennsylvania Alley,Lindholm,
Padilla,8,3,030 Menomonie Parkway,Fearnsides,
Yanjiang,10,8,58 Toban Alley,Canwell,
Cipinang,10,10,702 Banding Court,Eaves,
Ami,5,10,237 Dunning Alley,Curneen,
ýýajetina,10,6,0836 Hallows Lane,Walne,
Radoboj,1,10,1997 Shoshone Street,Bearham,
Belogorsk,7,8,34198 Sage Crossing,Newis,
San Francisco,9,7,15227 Manley Place,Pemble,
Lemenhe,4,10,00666 Anhalt Pass,Nolot,
Haligue,3,5,4781 Esker Circle,Olech,
Echarate,9,6,350 Springview Lane,Revitt,
Chadong,2,5,7377 Blaine Court,Gitting,
Labï¿½ï,6,6,9 Sage Circle,Jurgen,
Kosum Phisai,7,9,2264 South Point,Bakster,
Kobelyaky,6,4,6563 Forster Avenue,Ollander,
Kokoshkino,8,5,3 Talisman Plaza,Pilch,
Korczew,3,5,13902 Maryland Lane,Dauney,
Rzhavki,8,1,8986 Warbler Way,Chadderton,
Sherpur,2,2,5732 Katie Plaza,Brangan,
Nagiba,6,5,55 Lotheville Pass,McGarel,
Kashiwazaki,6,8,24874 Lunder Street,Leidecker,
Tarbes,4,5,9 Merrick Center,Prest,
Schï¿½ï¿½f,9,1,7011 Brentwood Way,Chadwin,
Changtang,3,4,58147 Farmco Alley,Poppy,
Burao,3,6,7 Merry Court,Gronow,
Debrecen,4,5,4806 Basil Way,Gooderick,
Roi Et,1,3,085 Nelson Hill,Wreath,
Zhitan,3,3,7 Jay Junction,Rubinovitsch,
Kuala Lumpur,7,8,7 Darwin Drive,Weakley,
Utkivka,5,10,9 Donald Pass,Thunnercliff,
Quiaios,5,2,02 Doe Crossing Street,Sorrell,
Lunas,3,9,01951 Magdeline Park,Trowbridge,
Columbus,10,1,1110 Dixon Way,Ramirez,
Kota Kinabalu,8,9,35166 Dapin Lane,Mahomet,
Gachancipï¿,7,9,9 Clyde Gallagher Park,Cargill,
Bï¿½ï¿½aï,9,8,8786 Reindahl Park,Guisler,
Wanling,1,1,679 Stoughton Road,Oppie,
Murmino,3,9,57131 Darwin Center,Dingwall,
Hailin,10,2,26 High Crossing Lane,Flowerden,
Baitashan,10,7,241 Stang Street,Perrycost,
Lidingï¿,8,9,3 Fordem Alley,Dye,
Xiongguan,5,9,3604 Porter Plaza,Brockton,
Bayanbaogede,8,3,67482 Annamark Lane,Sperrett,
Qazax,7,2,5390 Loeprich Avenue,Wemes,
Barguzin,8,9,691 Butterfield Pass,Don,
Bungkal,10,2,07 1st Terrace,Notton,
Vanadzor,4,8,6224 Waxwing Park,Taillard,
Pakxong,7,3,52049 Hallows Parkway,Vanyard,
Londres,1,4,008 Duke Plaza,Card,
Petong,7,2,4186 Lunder Terrace,Longhorn,
Kasukabe,3,4,229 Hoepker Center,Felgat,
San Marcos,9,8,2794 Commercial Road,Ramstead,
ýýyrardýýw,5,10,7 Hauk Lane,Bedells,
Ndendï¿,10,6,1030 Golden Leaf Terrace,Phillps,
Liyang,2,9,1099 Killdeer Junction,Bausor,
ýýqchah,6,6,16871 Esch Junction,Bente,
Bun Barat,9,3,640 Ridgeway Point,Wilmot,
Hongwï¿½,4,2,2176 Myrtle Street,Cheves,
Futu,9,8,9 Schiller Place,Ricold,
Weiyang,10,2,25 Warrior Point,Chipp,
Hoï¿½ï¿,4,7,91891 Heffernan Place,Jobern,
Thï¿½ï¿½ï¿½ Trï¿½ï¿½ï¿½n ,1,3,083 South Trail,Coxall,
Xiaochengzi,9,6,93880 Hoard Junction,Hookes,
Hernando,6,4,14 Sutteridge Trail,De Cristoforo,
Foros de Salvaterra,3,5,19568 Grayhawk Alley,Romke,
Zhenshan,7,10,9202 Helena Trail,Lorkins,
Mï¿½ï¿½r Bachah Kï,6,2,566 Hauk Center,Waind,
Kotakan Selatan,4,10,2 Spenser Alley,Pigeon,
Zgornje Jezersko,10,7,992 Holmberg Plaza,Wigg,
Pittsburgh,7,2,978 Grover Court,Urlin,
Stuttgart Stuttgart-Mitte,9,2,9 Talmadge Pass,Tuminini,
Tarhuna,2,3,23024 Heath Pass,Culligan,
Mï¿½ï¿½nste,4,4,3287 Gale Point,Chadbourne,
Vinces,9,5,43014 Mccormick Court,Burdin,
Mentaraman Satu,3,7,33810 Oakridge Way,Sowray,
Radomir,6,4,53184 Pawling Way,Walkden,
Quixeramobim,4,2,0 Northview Trail,Fayerbrother,
Picton,1,5,078 Esch Way,Smithson,
Rezovac,1,1,01205 Little Fleur Parkway,Hooks,
Bautista,1,9,158 Di Loreto Court,Maulden,
Noyakert,2,4,872 Lighthouse Bay Terrace,Dundendale,
Crï¿½ï¿½,5,7,68 Fremont Plaza,Laurenty,
Zhigalovo,2,7,07671 Acker Trail,Covil,
Changpu,2,1,0 Kim Junction,Lusty,
Wï¿½ï¿½,9,7,9 Vernon Terrace,Kendred,
Luka nad Jihlavou,8,9,8783 Sage Alley,Pridmore,
Grimstad,8,2,46 Fair Oaks Avenue,Hastin,
San Jose,1,1,13 Columbus Pass,Simka,
Altan-Ovoo,5,8,91788 Muir Center,Sisneros,
ýýýadýýdah,7,10,72 Northland Crossing,Clerc,
Ape,6,1,0 Moland Circle,Itzkovsky,
Khairiahmandah,1,9,4 Buhler Plaza,Swatten,
Young America,1,10,075 Barby Way,Westcot,
Wanfu,7,8,8411 Russell Hill,Coath,
Celestynï¿½,8,8,5 Summit Place,Goodey,
Stockholm,5,1,85 8th Lane,McWhin,
Laizhou,9,5,327 Morning Circle,Illston,
Dongzaogang,1,1,5 Westerfield Terrace,Roadnight,
Nungga,9,7,05010 Melrose Junction,MacAskill,
Abade de Vermoim,8,6,9247 Kingsford Center,Noller,
Ceerigaabo,2,9,3 Duke Road,Jorck,
Tanggulangin,1,6,5274 Anniversary Center,Garrelts,
Pirogovo,4,9,27 Cardinal Way,Sturt,
Zhuhe,10,1,552 Utah Hill,Paladino,
ýýrgýýn,3,10,12 Little Fleur Circle,Pecht,
Louny,8,6,95106 Mendota Trail,Cottier,
Tendï¿,7,5,07 Lotheville Junction,Strathern,
Camagï¿½ï,6,1,35 Schiller Way,Fairbard,
Siao,7,4,299 Mandrake Park,Pettie,
Kroonstad,6,6,02471 Spaight Parkway,Thomas,
Rencun,2,7,3 Cambridge Alley,Jorge,
Hashimoto,4,4,3565 Thompson Court,Grenshields,
Siverskiy,2,10,2122 Manufacturers Trail,Sircomb,
Steinkjer,7,5,7 Vernon Street,Brun,
Guaï¿½ï,6,7,1 Meadow Ridge Trail,Youster,
Levallois-Perret,2,4,8 Longview Street,Androsik,
Ishurdi,9,6,70 Service Way,Lishmund,
Wyszki,6,7,4563 Moulton Court,Condie,
Lanas,6,10,180 Oneill Terrace,Tomas,
Ash Shafï¿,9,8,06656 Corben Way,Vallance,
Heyan,7,5,07243 Prentice Plaza,Finlater,
Khorugh,9,2,018 East Crossing,Durrad,
